515840,1000 Corporate Center Dr Ste 670, Monterey Park, CA, 91754-7610
515841,201 Centre Plaza Dr Ste 10 A, Monterey Park, CA, 91754-2142
515842,201 Centre Plaza Dr Ste 7, Monterey Park, CA, 91754-2142
515843,80 South Lake Avenue Suite 823, Pasadena, CA, 91101
515844,101 Centre Plaza Dr, Monterey Park, CA, 91754-2155
515845,201 Centre Plaza Dr Ste 10, Monterey Park, CA, 91754-2179
515846,County of Los Angeles201 Centre Plaza Dr Ste 1, Monterey Park, CA, 91754
515847,201 Centre Plaza Dr Ste 7, Monterey Park, CA, 91754-2142
515848,1000 Corporate Center Dr Ste 420, Monterey Park, CA, 91754-7689
515849,201 Centre Plaza Dr Ste 1, Monterey Park, CA, 91754-2179
515850,201 Centre Plaza Dr Ste 1, Monterey Park, CA, 91754-2179
515851,201 Centre Plaza Dr Ste 1, Monterey Park, CA, 91754-2179
515852,201 Centre Plaza Dr Ste 1, Monterey Park, CA, 91754-2179
515853,901 Corporate Center Dr Ste 203, Monterey Park, CA, 91754-7665
515854,201 Centre Plaza Dr #1, Monterey Park, CA, 91754
515855,201 W Garvey Ave Ste 102 582, Monterey Park, CA, 91754-7418
515856,201 Centre Plaza Dr Ste 1, Monterey Park, CA, 91754-2179
515857,201 Centre Plaza Dr Ste 1, Monterey Park, CA, 91754-2179
515858,201 Centre Plaza Dr Ste 1, Monterey Park, CA, 91754-2142
515859,201 Centre Plaza DrDependency Division, Monterey Park, CA, 91754-2142
515860,1000 Corporate Center Dr Ste 420, Monterey Park, CA, 91754-7689
515861,328 S. Atlantic Blvd.Suite 102, Monterey Park, CA, 91754
515862,201 Centre Plaza Dr Ste 1100, Monterey Park, CA, 91754-2142
515863,606 Monterey Pass Rd Ste 111, Monterey Park, CA, 91754
515864,201 Centre Plaza Dr Ste 1, Monterey Park, CA, 91754-2143
515865,790 S Atlantic Blvd Ste 103, Monterey Park, CA, 91754
515866,201 Centre Plaza Dr Ste 8, Monterey Park, CA, 91754-2179
515867,1000 Corporate Center Dr Ste 400, Monterey Park, CA, 91754-7686
515868,125 E. Pomona Blvd., Monterey Park, CA, 91755
515870,115 E Pomona Blvd Ste A, Monterey Park, CA, 91755-7210
515871,125 E Pomona Blvd, Monterey Park, CA, 91755
515872,223 E Garvey Ave Ste 208, Monterey Park, CA, 91755-1863
515873,1101 E Garvey Ave Ste 206, Monterey Park, CA, 91755-3055
515874,1101 E Garvey Ave Ste 203, Monterey Park, CA, 91755
515875,3281 E Guasti Rd Ste 700, Ontario, CA, 91761-7643
515876,2560 E Philadelphia St, Ontario, CA, 91761-7768
515877,3200 Guasti RoadSuite 100, Ontario, CA, 91761
515879,3281 E. Guasti RoadSuite 175, Ontario, CA, 91761
515880,3401 Centrelake DriveSuite 670, Ontario, CA, 91761
515881,2560 E Philadelphia St, Ontario, CA, 91761-7768
515882,3200 Guasti RoadSuite 100, Ontario, CA, 91761
515883,2560 East Philadelphia St., Ontario, CA, 91761
515884,3200 E. Guasti Rd. Suite 100, Ontario, CA, 91761
515885,2855 E Guasti Rd Ste 400, Ontario, CA, 91761-1252
515886,3281 E Guasti Rd Ste 325, Ontario, CA, 91761
515887,3281 E. Guasti RoadSuite 100, Ontario, CA, 91761
515891,910 S Wanamaker Ave, Ontario, CA, 91761-8151
515892,3949 E Guasti Rd Ste A, Ontario, CA, 91761-1549
515893,3200 E Guasti Rd Ste 100, Ontario, CA, 91761-8661
515894,3286 E Guasti Rd Ste 100, Ontario, CA, 91761-8646
515895,2855 E Guasti Rd Ste 400, Ontario, CA, 91761-1252
515896,3200 E. Guasti RoadSte 100, Ontario, CA, 91761
515897,3300 E. Guasti Road, Ontario, CA, 91761
515898,3300 E Guasti Rd, Ontario, CA, 91761-8655
515899,3281 East Guasti RoadSuite 175, Ontario, CA, 91761
515900,3401 Centre Lake Dr Ste 670, Ontario, CA, 91761-1207
515901,2855 E Guasti Rd Ste 400, Ontario, CA, 91761-1252
515902,2560 E. Philadelphia St., Ontario, CA, 91761
515904,3300 E Guasti Rd, Ontario, CA, 91761-8655
515905,3237 E. Guasti RoadSuite 220, Ontario, CA, 91761
515906,3237 East Guasti RoadSuite 220, Ontario, CA, 91761
515907,2560 E Philadelphia St, Ontario, CA, 91761-7768
515908,2855 E Guasti Rd Ste 400, Ontario, CA, 91761-1252
515909,3281 E. Guasti Rd.Suite 175, Ontario, CA, 91761
515910,Washington Building 2nd Fl4650 N Port Washington, Milwaukee, WI, 53212-1078
515911,3281 E Guasti Rd Ste 700, Ontario, CA, 91761-7643
515912,3237 East Guasti RoadSuite 220, Ontario, CA, 91761
515913,3200 Guasti Road #100, Ontario, CA, 91761
515914,3401 Centre Lake Dr Ste 440, Ontario, CA, 91761-1230
515915,3281 E. Guasti RoadSTE 100, Ontario, CA, 91761
515916,3200 E Guasti Rd Ste 100, Ontario, CA, 91761-8661
515917,4562 Hastings Ct, Chino, CA, 91710-5979
515918,2910 S Archibald AvenueA633, Ontario, CA, 91761
515919,100 North First Street Suite 300, Burbank, CA, 91502-1845
515920,3500 Porsche Way Suite 200, Ontario, CA, 91764
515921,910 S Wanamaker Ave, Ontario, CA, 91761-8151
515922,2560 E. Philadelphia St, Ontario, CA, 91761
515923,3257 E Guasti Rd Ste 300, Ontario, CA, 91761
515924,Waterside Center3200 E Guasti Rd Ste 100, Ontario, CA, 91761
515925,2855 E Guasti Rd Suite 400, Ontario, CA, 91761
515926,1365 W Foothill Blvd Ste 2, Upland, CA, 91786-3612
515927,3281 E Guasti Rd Ste 100, Ontario, CA, 91761-7656
515928,3200 E. Guasti RoadSuite 100, Ontario, CA, 91761
515929,3200 Guasti Road Suite 100, Ontario, CA, 91761
515932,3350 Shelby Street Suite 200, Ontario, CA, 91764
515933,Po Box 49231555 E. Holt Blvd., Ontario, CA, 91761-0855
515934,3237 East Guasti RoadSuite 220, Ontario, CA, 91761
515935,3257 E Guasti Rd Ste 300, Ontario, CA, 91761
515936,2560 E Philadelphia St, Ontario, CA, 91761-7768
515937,3300 E Guasti Rd Ste 300, Ontario, CA, 91761-8657
515938,2855 E Guasti Rd Ste 400, Ontario, CA, 91761-1252
515939,121 W B St Ste C, Ontario, CA, 91762-3502
515940,201 W F St, Ontario, CA, 91762-3203
515941,1030 N. Mountain Avenue #166, Ontario, CA, 91762
515942,1055 North Euclid AvenueP. O. Box 9176, Ontario, CA, 91762-9176
515943,2519 S Euclid Ave, Ontario, CA, 91762-6620
515944,Po Box 5, Ontario, CA, 91762-8005
515945,822 N Euclid Ave Ste A, Ontario, CA, 91762-2760
515946,822 North Euclid Avenue Suite A, Ontario, CA, 91762
515947,822 North Euclid AvenueSuite A, Ontario, CA, 91762
515948,201 W F St, Ontario, CA, 91762-3203
515949,204 North San Antonio Avenue, Ontario, CA, 91762
515950,514 N Laurel Ave, Ontario, CA, 91762
515951,1131 W 6th St Suite 300, Ontario, CA, 91762
515952,1131 W. 6th St.Suite. 101, Ontario, CA, 91762
515953,Call for an appointment, Ontario, CA, 91762
515954,4959 Palo Verde St Ste 208 C 8, Montclair, CA, 91763-2360
515955,4650 Arrow Hwy Ste A10, Montclair, CA, 91763
515956,4795 Holt Blvd.Suite 110, Montclair, CA, 91763
515957,4959 Palo Verde StreetSuite 207C, Montclair, CA, 91763
515958,Inland Empire Office10735 Kadota Avenue, Montclair, CA, 91763
515959,9150 Benson Ave, Montclair, CA, 91763
515961,3270 Inland Empire Blvd Ste 200, Ontario, CA, 91764-5580
515962,3602 Inland Empire BlvdSuite C-315, Ontario, CA, 91764
515963,3633 Inland Empire Blvd Ste 450, Ontario, CA, 91764-4921
515964,800 N Haven Ave Ste 260, Ontario, CA, 91764-4952
515965,337 N. Vneyard Ave.4th Floor, Ontario, CA, 91764
515966,3333 Concours St. Ste 4100, Ontario, CA, 91764
515967,3602 Inland Empire Blvd Ste C315, Ontario, CA, 91764-4986
515968,337 N. Vineyard Avenue4th Floor, Ontario, CA, 91764
515970,801 S Figueroa St 15th Fl, Los Angeles, CA, 90017
515971,3491 Concours Ste 200, Ontario, CA, 91764-5917
515972,3105 Sedona Ct, Ontario, CA, 91764-6555
515974,3633 Inland Empire Blvd Ste 450, Ontario, CA, 91764-4921
515975,3500 Porsche Way Suite 200, Ontario, CA, 91764
515976,3491 Concours Street.Suite. 201, Ontario, CA, 91764
515977,3400 Inland Empire BlvdSte 101, Ontario, CA, 91764
515979,337 N. Vineyard Ave4th Floor, Ontario, CA, 91764
515980,4141 Inland Empire Blvd Ste 260, Ontario, CA, 91764-5003
515981,3333 Concour St.Suite 4202, Ontario, CA, 91764
515982,3350 Shelby StreetSuite 250, Ontario, CA, 91764
515983,3400 Inland Empire Blvd Ste 115, Ontario, CA, 91764-5576
515984,3350 Shelby St Ste 250, Ontario, CA, 91764-4882
515985,3500 Porsche Way Suite 200, Ontario, CA, 91764
515986,3500 Porsche Way Suite 200, Ontario, CA, 91764
515987,320 East D St, Ontario, CA, 91764
515988,3491 East Concours Suite 200, Ontario, CA, 91764
515989,701 N Haven Ave Ste 350, Ontario, CA, 91764-4920
515990,3491 Concours StreetSuite 201, Ontario, CA, 91764
515991,320 E D StUniversity Of La Verne Col, Ontario, CA, 91764-4128
515992,4141 Inland Empire Blvd Ste 260, Ontario, CA, 91764-5004
515993,3633 Inland Empire BlvdSte 310, Ontario, CA, 91764
515994,337 N Vineyard Ave Fl 4, Ontario, CA, 91764-4453
515995,3270 Inland Empire Blvd Ste 120, Ontario, CA, 91764-6587
515996,3633 Inland Empire Blvd Ste 450, Ontario, CA, 91764-4921
515998,3602 Inland Empire Blvd Ste B100, Ontario, CA, 91764-4929
515999,3350 Shelby St Ste 250, Ontario, CA, 91764-4882
516000,3633 Inland Empire Blvd Ste 450, Ontario, CA, 91764-4921
516001,3500 Porsche Way Suite 200, Ontario, CA, 91764
516002,3633 Inland Empire Blvd Ste 670, Ontario, CA, 91764-7965
516003,3105 Sedona Ct, Ontario, CA, 91764-6555
516004,800 N Haven Ave No. 425, Ontario, CA, 91764
516005,3270 Inland Empire BlvdSuite 200, Ontario, CA, 91764-5580
516006,3105 Sedona Ct, Ontario, CA, 91764
516007,3400 Inland Empire Blvd.Suite 101, Ontario, CA, 91764
516008,3350 Shelby Street Suite 200, Ontario, CA, 91764
516009,800 N. Haven AvenueSuite 205, Ontario, CA, 91764
516011,4418 Ocean Dr, Manhattan Beach, CA, 90266-3042
516012,3270 Inland Empire Blvd Ste 200, Ontario, CA, 91764-5580
516013,3633 Inland Empire Blvd.Suite 250, Ontario, CA, 91764
516014,4141 Inland Empire Blvd Ste 260, Ontario, CA, 91764-5003
516015,4150 Concours St.Suite 260, Ontario, CA, 91764
516016,3200 Inland Empire Blvd Ste 265, Ontario, CA, 91764-5557
516017,3602 Inland Empire Blvd Ste C315, Ontario, CA, 91764-4986
516018,3633 Inland Empire Blvd Ste 670, Ontario, CA, 91764-7965
516019,535 Griswold Street Suite 1000, Detroit, MI, 48226
516020,3595 Inland Empire Blvd Ste 2210, Ontario, CA, 91764-5921
516022,3633 Inland Empire Blvd Ste 670, Ontario, CA, 91764-7965
516024,3175 Sedona Ct Ste E, Ontario, CA, 91764
516026,3633 Inland Empire Blvd Ste 450, Ontario, CA, 91764-4921
516027,3175 Sedona Ct Ste E, Ontario, CA, 91764-6561
516028,500 East E StreetSte. 120, Ontario, CA, 91764
516030,3175 Sedona Ct.Suite E, Ontario, CA, 91764
516032,3175 Sedona CtSte E, Ontario, CA, 91764-6561
516033,3350 Shelby St Ste 250, Ontario, CA, 91764-4882
516034,3175 Sedona Ct.Building # E, Ontario, CA, 91764
516035,3602 Inland Empire Blvd Ste C315, Ontario, CA, 91764-4986
516036,3400 Inland Empire Blvd Ste 101, Ontario, CA, 91764-5577
516037,4150 Concours St.Suite 260, Ontario, CA, 91764
516038,3350 Shelby St Ste 200, Ontario, CA, 91764-5556
516039,3633 Inland Empire Blvd Ste 575, Ontario, CA, 91764-4980
516040,3105 Sedona Ct, Ontario, CA, 91764
516041,3333 Concours Fl 2Bldg 7, Ontario, CA, 91764-4875
516043,3500 Porsche Way Suite 200, Ontario, CA, 91764
516044,3400 Inland Empire Blvd.Ste. 101, Ontario, CA, 91764
516045,3400 Inland Empire Blvd Ste 101, Ontario, CA, 91764-5577
516046,800 N Haven Ave Ste 360, Ontario, CA, 91764-4915
516047,3350 Shelby St Ste 250, Ontario, CA, 91764
516048,3633 Inland Empire Blvd Ste 450, Ontario, CA, 91764-4921
516049,3200 Inland Empire BlvdSuite 265, Ontario, CA, 91764
516050,3595 Inland Empire Blvd Ste 2210, Ontario, CA, 91764-5921
516051,430 N Vineyard Ave Ste 200, Ontario, CA, 91764-5454
516052,3633 E. Inland Empire BlvdSuite 777, Ontario, CA, 91764
516053,3270 Inland Empire Blvd, Ontario, CA, 91764-5580
516054,3333 Concours Fl 2Bldg 7, Ontario, CA, 91764-4875
516055,3105 Sedona Ct, Ontario, CA, 91764-6555
516056,508 E Rosewood Ct, Ontario, CA, 91764
516058,3633 Inland Empire Blvd Ste 450, Ontario, CA, 91764-4921
516060,3175-E Sedona Court., Ontario, CA, 91764
516061,3350 Shelby St Ste 250, Ontario, CA, 91764-4882
516062,20955 Pathfinder Rd.Ste. 100, Diamond Bar, CA, 91765
516063,22632 Golden Springs Dr Ste 200, Diamond Bar, CA, 91765-5483
516064,17800 Castleton St Ste 600, City of Industry, CA, 91748-5726
516065,1142 S Diamond Bar Blvd # 363, Diamond Bar, CA, 91765-2203
516066,21688 Gateway Center Dr Ste 125, Diamond Bar, CA, 91765-2451
516067,640 N Diamond Bar Blvd, Diamond Bar, CA, 91765
516068,P O Box 4940, Diamond Bar, CA, 91765-0940
516069,21865 Copley Dr, Diamond Bar, CA, 91765-4178
516070,21680 Gateway Center Dr Ste 100, Diamond Bar, CA, 91765-2454
516071,1370 Valley Vista DriveSuite 200, Diamond Bar, CA, 91765
516072,22632 Golden Springs Drive2000 East Fourth StreetSuite 115, Diamond Bar, CA, 91765
516073,414 South Prospectors RoadSuite G, Diamond Bar, CA, 91765-3783
516075,20955 Pathfinder Rd Ste 300, Diamond Bar, CA, 91765-4029
516076,21680 Gateway Center Dr Ste 100, Diamond Bar, CA, 91765-2454
516078,21865 Copley Dr, Diamond Bar, CA, 91765-4178
516079,20955 Pathfinder Rd Ste 100, Diamond Bar, CA, 91765-4029
516080,20955 Pathfinder Rd Ste 300, Diamond Bar, CA, 91765
516081,21700 Copley DriveSuite 280, Diamond Bar, CA, 91765-5489
516082,414 S Prospectors RoadSuite G, Diamond Bar, CA, 91765
516083,732 N. Diamond Bar Blvd.Suite 118, Diamond Bar, CA, 91765
516084,3750 University Avenue Suite 400, Riverside, CA, 92502
516085,2705 S. Diamond Bar Blvd.Suite 398, Diamond Bar, CA, 91765
516086,20955 Pathfinder Rd Ste 100, Diamond Bar, CA, 91765-4029
516087,732 N. Diamond Bar Blvd.Suite. 210, Diamond Bar, CA, 91765-1045
516088,21700 Copley Dr Ste 280, Diamond Bar, CA, 91765-5489
516089,730 N Diamond Bar Blvd, Diamond Bar, CA, 91765-1038
516090,20955 Pathfinder Rd Ste 300, Diamond Bar, CA, 91765
516091,21680 Gateway Center Dr Ste 100, Diamond Bar, CA, 91765
516092,730 N. Diamond Bar Blvd., Diamond Bar, CA, 91765
516093,3333 S Brea Canyon Rd Ste 216, Diamond Bar, CA, 91765-3785
516094,1370 Valley Vista Dr Ste 200, Diamond Bar, CA, 91765-3921
516096,21680 Gateway Center Dr Ste 280, Diamond Bar, CA, 91765-2456
516098,425 Market Street 26th Floor, San Francisco, CA, 94105
516099,640 N Diamond Bar Blvd, Diamond Bar, CA, 91765-1037
516100,1317 S Diamond Bar Blvd Unit 5003, Diamond Bar, CA, 91765-5643
516101,21865 Copley Dr, Diamond Bar, CA, 91765-4178
516103,21688 Gateway Center Dr, Diamond Bar, CA, 91765-2451
516104,20955 Pathfinder RoadSuite 100, Diamond Bar, CA, 91765
516105,21680 Gateway Center Dr Ste 140, Diamond Bar, CA, 91765-2456
516106,21680 Gateway Center Dr Ste 100, Diamond Bar, CA, 91765-2454
516107,21680 Gateway Center Dr Ste 280, Diamond Bar, CA, 91765-2456
516108,21688 Gateway Center Dr Ste 125, Diamond Bar, CA, 91765-2460
516109,21865 Copley Dr, Diamond Bar, CA, 91765
516110,PO Box 5409, Diamond Bar, CA, 91765
516111,21680 Gateway Center Dr Ste 140, Diamond Bar, CA, 91765
516112,750 N Diamond Bar Blvd Ste 222, Diamond Bar, CA, 91765
516113,20955 Pathfinder RoadSuite 100, Diamond Bar, CA, 91765
516114,669 South 2nd Avenue, Covina, CA, 91723
516115,20955 Pathfinder RoadSuite 200, Diamond Bar, CA, 91765-4045
516116,21688 Gateway Center Dr Ste 125, Diamond Bar, CA, 91765-2460
516117,21700 Copley Dr Ste 310, Diamond Bar, CA, 91765-4434
516118,20955 Pathfinder Road Ste. 100, Diamond Bar, CA, 91765
516119,21680 Gateway Center Dr Ste 100, Diamond Bar, CA, 91765-2454
516120,21688 Gateway Center Dr Ste 125, Diamond Bar, CA, 91765-2451
516121,21865 Copley Dr, Diamond Bar, CA, 91765-4178
516123,732 N Diamond Bar Blvd Ste 228, Diamond Bar, CA, 91765-1046
516124,15910 Ventura Boulevard, Encino, CA, 91436
516127,640 N Diamond Bar Blvd, Diamond Bar, CA, 91765-1037
516128,3333 S Brea Canyon Rd Ste 213, Diamond Bar, CA, 91765
516129,21865 Copley Dr, Diamond Bar, CA, 91765
516130,20955 Pathfinder Rd Ste 100, Diamond Bar, CA, 91765-4029
516131,1370 Valley Vista Dr Ste 200Dba Wapac Law, Diamond Bar, CA, 91765-3921
516133,3333 S. Brea Canyon RoadSuite 213, Diamond Bar, CA, 91765
516134,3333 S Brea Canyon Rd Ste 216, Diamond Bar, CA, 91765-3785
516135,730 N Diamond Bar Blvd, Diamond Bar, CA, 91765
516136,20955 Pathfinder Rd Ste 100, Diamond Bar, CA, 91765-4029
516137,750 N Diamond Bar Blvd Ste 226, Diamond Bar, CA, 91765-1023
516138,21680 Gateway Ctr Dr #280, Diamond Bar, CA, 91765-2435
516139,800 S Garey Ave, Pomona, CA, 91766-3325
516140,363 S Park Ave Ste 300, Pomona, CA, 91766-1560
516141,300 S Park Ave Ste 770, Pomona, CA, 91766-1557
516142,101 West Mission Blvd Suite 218B, Pomona, CA, 91766-1606
516143,400 Civic Center Plz Rm 730, Pomona, CA, 91766-3201
516144,300 S Park Ave Ste 900, Pomona, CA, 91766-1552
516145,300 S Park Ave Ste 900, Pomona, CA, 91766-1552
516146,300 S Park Ave Ste 900, Pomona, CA, 91766-1552
516147,363 S Park Ave Ste 100, Pomona, CA, 91766-1560
516148,14 Falcon Ridge Dr, Pomona, CA, 91766-4721
516149,210 W Temple St 18th Fl, Los Angeles, CA, 90012
516150,400 Civic Center Plz Ste 201, Pomona, CA, 91766-3201
516152,400 Civic Center Plz, Pomona, CA, 91766-3201
516153,399 W Mission Blvd, Pomona, CA, 91766
516154,401 S Main St Ste 102, Pomona, CA, 91766
516155,401 S Main St Ste 110, Pomona, CA, 91766-1638
516156,300 S Park Ave Ste 900, Pomona, CA, 91766-1552
516157,333 West Mission Boulevard, Pomona, CA, 91766-1606
516158,300 S Park Ave Ste 900, Pomona, CA, 91766-1552
516159,101 W Mission Blvd Ste 212, Pomona, CA, 91766
516160,300 S Park Ave Ste 900, Pomona, CA, 91766-1552
516161,401 S Main St Ste 210, Pomona, CA, 91766
516162,1126 W Mission Blvd Ste A, Pomona, CA, 91766-1342
516163,363 S. Park Ave.Suite 107, Pomona, CA, 91766
516164,435 West Mission Boulevard Suite 306, Pomona, CA, 91766
516165,2840 Ficus St, Pomona, CA, 91766-6501
516166,1137 W Mission Blvd, Pomona, CA, 91766-1343
516167,101 W Mission Blvd Ste 212, Pomona, CA, 91766-1716
516168,120 E. Monterey Ave. #400, Pomona, CA, 91767
516169,345 E Foothill Blvd, Pomona, CA, 91767-1405
516170,3179 W Temple Ave, Pomona, CA, 91768-3289
516171,740 Corporate Center Dr, Pomona, CA, 91768-2654
516172,801 Corporate Center Dr Ste 120, Pomona, CA, 91768-2639
516173,801 Corporate Center Dr Ste 120, Pomona, CA, 91768-2639
516174,3179 W Temple Ave, Pomona, CA, 91768-3241
516175,801 Corporate Center Dr Ste 120, Pomona, CA, 91768-2639
516176,3179 W Temple Ave, Pomona, CA, 91768-3241
516177,3179 W Temple AveDivision Iii, Pomona, CA, 91768-3241
516178,3179 W Temple Ave, Pomona, CA, 91768-3241
516179,3179 W Temple Ave, Pomona, CA, 91768-3289
516180,981 Corporate Center DriveSuite 100, Pomona, CA, 91768
516181,3801 W Temple AveMhr Dept, Pomona, CA, 91768-2557
516182,3179 W Temple Ave, Pomona, CA, 91768-3241
516183,3801 W Temple Ave, Pomona, CA, 91768-2557
516184,3179 W Temple Ave, Pomona, CA, 91768-3289
516185,3179 W Temple Ave, Pomona, CA, 91768-3289
516186,732 Corporate Center Dr, Pomona, CA, 91768-2653
516187,981 Corporate Center Dr.Suite 100, Pomona, CA, 91768
516188,981 Corporate Center DrSuit 100, Pomona, CA, 91768-2600
516189,1574 Valencia Pl, Pomona, CA, 91768
516190,801 Corporate Center Dr Ste 120, Pomona, CA, 91768-2639
516191,Po Box 391399 W Mission Blvd, Pomona, CA, 91769-0391
516192,Po Box 2769, Pomona, CA, 91769-2769
516193,Po Box 164Main At 4th; By Courthouse, Pomona, CA, 91769-0164
516194,2244 Walnut Grove Ave, Rosemead, CA, 91770-3714
516195,3733 Rosemead Blvd Ste 203, Rosemead, CA, 91770-1981
516196,2244 Walnut Grove Ave, Rosemead, CA, 91770-3714
516197,2244 Walnut Grove AveSouthern California Edison Company, Rosemead, CA, 91770-3714
516198,2244 Walnut Grove Ave, Rosemead, CA, 91770-3714
516199,2244 Walnut Grove Ave, Rosemead, CA, 91770-3714
516200,2244 Walnut Grove Ave, Rosemead, CA, 91770
516201,120 BroadwaySuite 300, Santa Monica, CA, 90401-2386
516202,2244 Walnut Grove Ave, Rosemead, CA, 91770-3714
516203,2244 Walnut Grove Ave, Rosemead, CA, 91770-3714
516204,2244 Walnut Grove Ave # 331, Rosemead, CA, 91770-3714
516205,1683 Walnut Grove Ave, Rosemead, CA, 91770-3711
516206,1683 Walnut Grove Ave, Rosemead, CA, 91770-3711
516207,1683 Walnut Grove Ave, Rosemead, CA, 91770
516208,3733 Rosemead BoulevardSuite 201, Rosemead, CA, 91770
516209,9800 Valley Blvd, Rosemead, CA, 91770-1556
516210,2244 Walnut Grove AveGo 1 351 C, Rosemead, CA, 91770-3714
516211,150 N Santa Anita AveSte 200, Arcadia, CA, 91006
516212,1683 Walnut Grove Ave, Rosemead, CA, 91770-3711
516213,2244 Walnut Grove Ave, Rosemead, CA, 91770-3714
516214,2244 Walnut Grove Ave, Rosemead, CA, 91770-3714
516215,2244 Walnut Grove Ave Fl 3, Rosemead, CA, 91770-3714
516216,555 South Flower Street 31st Floor, Los Angeles, CA, 90071
516217,3733 Rosemead Blvd.Suite 201, Los Angeles, CA, 91770
516218,2244 Walnut Grove Ave # 358 B, Rosemead, CA, 91770-3714
516219,2600 Michelson Drive  Suite 1000, Irvine, CA, 92612-6510
516220,2244 Walnut Grove Ave # 3, Rosemead, CA, 91770-3714
516221,2244 Walnut Grove Ave, Rosemead, CA, 91770-3714
516222,2244 Walnut Grove Avenue, Rosemead, CA, 91770
516223,2244 Walnut Grove AvePO Box 800, Rosemead, CA, 91770
516224,2244 Walnut Grove Ave, Rosemead, CA, 91770-3714
516225,2244 Walnut Grove Ave, Rosemead, CA, 91770-3714
516226,3303 Del Mar Ave #A, Rosemead, CA, 91770
516227,1999 Avenue Of The Stars, Los Angeles, CA, 90067
516228,1683 Walnut Grove Ave, Rosemead, CA, 91770-3711
516229,2244 Walnut Grove Ave, Rosemead, CA, 91770-3714
516230,2244 Walnut Grove Ave, Rosemead, CA, 91770
516231,2244 Walnut Grove Ave # 3, Rosemead, CA, 91770-3714
516232,2244 Walnut Grove Ave, Rosemead, CA, 91770
516233,2244 Walnut Grove Ave, Rosemead, CA, 91770-3714
516234,2244 Walnut Grove Ave Fl 3, Rosemead, CA, 91770-3714
516235,777 South Figueroa Street, Los Angeles, CA, 90017
516236,2244 Walnut Grove Ave, Rosemead, CA, 91770-3714
516237,8728 Valley Blvd Ste 209, Rosemead, CA, 91770-1776
516238,2244 Walnut Grove Ave, Rosemead, CA, 91770
516239,3733 Rosemead Blvd Ste 201, Rosemead, CA, 91770
516240,2244 Walnut Grove AvePo Box 800, Rosemead, CA, 91770-3714
516241,2244 Walnut Grove Ave, Rosemead, CA, 91770
516242,7728 Garvey Ave Ste 6, Rosemead, CA, 91770
516243,Suite 2000 One Wilshire Boulevard, Los Angeles, CA, 90017
516244,762 W Cypress St, San Dimas, CA, 91773-3599
516245,464 E Bonita Ave Ste A, San Dimas, CA, 91773-3103
516246,615 E Foothill Blvd #C, San Dimas, CA, 91773-1255
516247,413 E Foothill Blvd Ste 100, San Dimas, CA, 91773-1222
516248,400 W Covina Blvd, San Dimas, CA, 91773
516249,615 E Foothill Blvd Ste C, San Dimas, CA, 91773-1255
516250,1613 Calle Miradero, San Dimas, CA, 91773-4127
516251,Po Box 663, San Dimas, CA, 91773-0663
516252,140 Via Verde Ste 100, San Dimas, CA, 91773-5117
516253,100 W Foothill Blvd Ste 201, San Dimas, CA, 91773-1170
516254,100 W Foothill Blvd.Suite 201, San Dimas, CA, 91773
516255,425 W Bonita Ave Ste 101, San Dimas, CA, 91773
516256,P O Box 186, San Dimas, CA, 91773-0186
516257,425 West Bonita Avenue Suite 207, San Dimas, CA, 91773
516258,921 W. Cienega Ave.PO Box 186, San Dimas, CA, 91773-0186
516259,451 W. Bonita Ave  Ste 17, San Dimas, CA, 91773-3083
516260,613 West Covina Boulevard, San Dimas, CA, 91773
516261,75 5660 Kopiko St Ste C7 Pmb 238, Kailua Kona, HI, 96740-3122
516262,6514 N San Gabriel Blvd, San Gabriel, CA, 91775-1743
516264,305 N San Marino Ave, San Gabriel, CA, 91775-2911
516265,396 Alhambra Rd, San Gabriel, CA, 91775-2704
516266,523 Alhambra Rd, San Gabriel, CA, 91775-2101
516267,828 West Las Tunas Drive, San Gabriel, CA, 91776
516268,711 E Las Tunas Dr, San Gabriel, CA, 91776-1544
516269,123 S. Mission DriveSuite D, San Gabriel, CA, 91776
516270,1027 S San Gabriel Blvd, San Gabriel, CA, 91776-3112
516271,205 W Las Tunas Dr Ste 3, San Gabriel, CA, 91776-1272
516272,1710 S Del Mar Ave Ste 219, San Gabriel, CA, 91776-3872
516273,405 S Mission Dr, San Gabriel, CA, 91776-1253
516274,1022 S San Gabriel Blvd Ste E, San Gabriel, CA, 91776
516275,250 W Valley Blvd Ste G5, San Gabriel, CA, 91776
516276,529 E Valley Blvd Ste 208 A, San Gabriel, CA, 91776-3670
516277,828 W Las Tunas Dr, San Gabriel, CA, 91776-1021
516278,405 S San Gabriel Blvd Ste E, San Gabriel, CA, 91776-1966
516279,5322 Pondosa Ave, San Gabriel, CA, 91776-1927
516280,405 S Mission Dr, San Gabriel, CA, 91776
516281,8810 East Las Tunas Drive, San Gabriel, CA, 91776
516282,aka The Liu Law Group923 E Valley Blvd #110, San Gabriel, CA, 91776
516283,110 W Las Tunas Dr Ste B, San Gabriel, CA, 91776-1346
516284,1103 S San Gabriel Blvd Ste D, San Gabriel, CA, 91776-3152
516285,828 West Las Tunas Drive, San Gabriel, CA, 91776
516286,1015 E Las Tunas Dr Ste F, San Gabriel, CA, 91776
516287,Suite 1800 888 South Figueroa Street, Los Angeles, CA, 90017
516288,923 E Valley Blvd Ste 201, San Gabriel, CA, 91776
516289,1228 S San Gabriel Blvd Ste D, San Gabriel, CA, 91776
516290,828 West Las Tunas Drive, San Gabriel, CA, 91776
516291,828 W Las Tunas Dr, San Gabriel, CA, 91776-1021
516292,1022 S San Gabriel Blvd.Suite E, San Gabriel, CA, 91776-3150
516293,923 E. Valley BoulevardSuite 105, San Gabriel, CA, 91776-3684
516294,208 E Valley Blvd Ste C, San Gabriel, CA, 91776-6514
516295,1045 Anderson Way, San Gabriel, CA, 91776-2917
516296,PO Box 643, San Gabriel, CA, 91778
516297,9525 Las Tunas Dr, Temple City, CA, 91780
516298,9525 Las Tunas Dr, Temple City, CA, 91780-2105
516299,9525 Las Tunas Dr, Temple City, CA, 91780-2105
516300,5709 Oak Ave, Temple City, CA, 91780-2431
516301,5703 Temple City Blvd, Temple City, CA, 91780
516302,1225 E 16th St Ste 2, Upland, CA, 91784-2402
516303,2436 N Euclid Ave, Upland, CA, 91784
516304,100 N Euclid Ave.2nd Flr, Upland, CA, 91784
516305,8701 W 3rd St Ste 130, Los Angeles, CA, 90048-3803
516306,PO Box 247, Upland, CA, 91785
516307,Po Box 1851, Upland, CA, 91785-1851
516308,984 W Foothill Blvd Ste A, Upland, CA, 91786
516309,400 N Mountain Ave Ste 101, Upland, CA, 91786-5177
516310,11682 El Camino Real Suite 200, San Diego, CA, 92130
516311,1474 W 9th St Ste A2, Upland, CA, 91786-5694
516312,1317 W Foothill Blvd Ste 222, Upland, CA, 91786-3673
516313,309 North Euclid Avenue, Upland, CA, 91786
516315,Business Bank of California Building188 N. Euclid Avenue, Upland, CA, 91786
516316,305 N 2nd Ave # 127, Upland, CA, 91786-6064
516317,790 West Arrow Hwy, Upland, CA, 91786
516318,1317 W Foothill Blvd Ste 245, Upland, CA, 91786-3673
516319,305 N 2nd Ave # 127, Upland, CA, 91786-6064
516320,400 N Mountain Ave Ste 101, Upland, CA, 91786-5177
516321,267 D Street, Upland, CA, 91786
516322,305 N 2nd Ave # 127, Upland, CA, 91786-6064
516323,655A North Mountain Ave, Upland, CA, 91786
516324,489-A N. Central, Upland, CA, 91786
516325,Business Bank of California Building188 N. Euclid Avenue, Upland, CA, 91786
516326,1000 Marsh Road, Menlo Park, CA, 94025
516327,400 N Mountain Ave Ste 212, Upland, CA, 91786-5176
516328,119 N 2nd Ave, Upland, CA, 91786-6019
516329,305 N 2nd Ave # 127, Upland, CA, 91786-6064
516330,1474 W 9th St Ste A2, Upland, CA, 91786-5694
516331,305 N 2nd Ave # 127, Upland, CA, 91786-6064
516332,305 N 2nd Ave # 127, Upland, CA, 91786-6064
516333,411 N Central Ave Ste B, Upland, CA, 91786
516334,904 W 14th StEuclid Law Center, Upland, CA, 91786-2717
516335,790 W. Arrow Highway, Upland, CA, 91786
516336,5001 Birch Street, Newport Beach, CA, 92660
516337,255 West Foothill BoulevardSuite 200, Upland, CA, 91786
516338,299 W. Foothill Boulevard Suite 201Upland, Ontario, CA, 91786-3806
516339,1474 W 9th St Ste A2, Upland, CA, 91786-5694
